NU^XC,`BPJ],36
`aYAc,GSZU[,54
YCY]N,VD]XC,76
JKU[U,VJQEU,85
YEE\O,AGK^Z,115
V`P]V,K^VWK,88
UIKQF,FW^\b,48
E`Cbb,cIHYR,45
FcUNB,aSK[`,68
`bEZD,SBFCc,84
aCLcG,DbKPR,52
Jb\[F,ZGJ_c,26
UERQU,[RRQQ,78
Ac_SW,HW[NR,13
ZIFDC,P`aaW,11
ARU^S,ANA^H,99
TZbHQ,WDR^Y,84
VMBKS,DZcGW,88
bEbT^,`UIBB,102
WaLbT,^YcTK,104
cULUA,VNA_^,57
SMTRF,FQKUE,42
GGaZY,DRLB[,31
VOBD],HC[EY,83
EDb^J,TbLK],91
a\ZHP,GHTX_,87
WaCI^,YB[bc,83
cC_^b,Z\QYJ,72
cPDN[,Y[^]D,93
RNCKU,M`KK`,18
ILDB\,NIICc,40
OG`TR,[\WGO,98
R_PSG,aPc^M,40
bCU]^,`ZXJZ,1
_NQUH,HNUcL,80
IW`XB,R^[P`,14
RIaQY,J_CWI,20
S_]J\,QbTSR,60
^\KK^,ROLQM,47
AbG^I,XKSV`,34
WRZ\L,KFHRK,37
MQaXU,NVbQI,38
Ba^EU,EJaMN,72
HbO`O,UNO_W,19
SECKJ,RbKY`,50
bUFTM,IGVIB,87
OIbCL,CEGTG,57
U[^^[,BMFS^,40
XR]R],NQAOL,56
N^XN\,PNPKE,88
J\X\c,UGYKG,53
WH[M^,]RGMX,43
\HZcJ,VHEZD,70
YDCWP,EaEYN,11
AWWXa,cAWIb,63
U]HAH,DTD_O,82
_BDAS,]]VO_,71
aZY`Y,MNZ[Z,106
HODRS,]cMAK,50
NVFZ\,E\DGW,26
LXNaR,JECXB,36
OPXZT,LRR\b,110
cUcCC,JH_NR,43
cEGGQ,]IYQN,99
SLCTS,FDINR,75
aKKEN,bOPNR,68
MTWWH,[aIYJ,26
FR]Tb,SAEDX,69
DCaJb,ZEJJP,63
EQOUK,``aXY,88
TI]WX,UB_]L,106
GCS_\,EEA_S,49
D\COK,_\IG^,50
FALa[,^EQc],90
BKZNH,VS\W],76
AQCZ[,EDEOY,106
NHTBO,JZVXN,12
acHM\,_LbSJ,60
QFEM`,S[YHP,118
c``HK,^ABRM,14
`BFZU,C_]`E,101
\BX\A,]`N]A,115
OJY[M,TT\[A,13
\YFSQ,M_]S],97
GDSU^,DRRO^,75
OFTGY,QVG\],52
UacaF,ZYaKc,64
]]HFU,]EQ`J,112
MEBDH,JA]J],29
cET_c,SHA]P,77
QGNHF,Tc\XE,26
\G\IW,OTbcQ,88
C\PVc,VcJ_\,21
OEP]S,L^DJJ,32
bMWXF,\FLUa,86
HBMKJ,X\VHN,87
bDaXc,VZU]L,25
JVE^Q,GONaW,30
XT_TZ,`]SRY,1
SYPP`,TC`EO,4
_F\YR,NOJFB,73
BCW\G,N[APQ,87
UIHC],_a[Z[,62
VbWLD,XNRNO,91
FPVLa,\OUKB,20
N^YDD,XXZ`K,70
GIXZE,I_IVD,75
HYCCM,A_KBG,32
KGCQ],RCP`^,65
]MB]C,cK`P_,64
T^IDK,ZSQ]E,85
QAR[J,POTHA,83
PKRUU,VSGKX,58
MZ]F],D`G[\,63
NCbW`,KIENb,61
bAbaB,OCT[F,65
FSH`H,IFcD`,80
R[bQO,PRHIJ,57
DMJYO,\cL^_,52
EONOS,SR]YJ,54
]XSA`,[CUEN,3
TRXU^,CQGTT,11
UcTSW,MN^QC,38
D]OJV,ORLAZ,84
SHRF^,WXSOM,22
CSIZK,PHOb],74
Bbc\V,Z\VIG,110
IJYKW,C_SGI,119
L]PHM,FOX^A,41
Y_LbC,X_XEU,79
bUJIc,Qbb]\,112
VaTba,DCVCE,52
YH_F],NbJS_,70
Ia`cB,P\U^S,13
cFVLa,YDEVV,40
b_abL,]AKMG,62
CPZYP,EOIGZ,21
cXS\b,YEWQQ,56
aL\QZ,WccZE,92
GADQP,YJ_KP,93
KUIYA,KJUJO,104
[]A[`,JSN\K,87
]CNOD,NGOZC,29
bQ]WP,SbSGE,63
CTAM`,AE]bZ,95
PBICc,]JMbM,35
_KJYJ,T`\ZP,61
\cb^],EPOKa,28
aPIQa,DHACI,27
G^CTT,KTPLa,31
FNYMS,SVK\B,16
]CR^W,QPSbY,9
RPTO^,NBQCP,41
[bNBQ,KFHCN,17
E[PRO,CHTUJ,92
K^OJI,ORb_N,77
[AHAE,FH\XQ,88
XSWOA,LJGAJ,16
OYaba,EA\aH,27
c^LOQ,TOJb\,56
XDG_J,U\UNZ,119
\E][K,CXJEJ,42
]ZWMV,XIAHb,118
GaT]b,A\C^G,32
WNBYI,\YQ_[,45
BFNNX,A`O`W,114
P]ED[,LL\cZ,36
NLCAE,acV`D,64
BQK]G,FVcGc,100
R[Z]`,ZJSIT,53
NDL\`,c\Y]U,39
NMQEW,LT__A,94
OWLYF,QbTPD,67
EAP`D,BTV\^,72
FHQOC,bSa^I,89
U^K[[,VZSXK,35
FDRM`,AUcPH,56
VTNQW,C]LUN,75
Y]E_C,MSIVC,67
LHEXS,JLXFP,98
aVbX`,GVVPK,101
MWFMO,T_MLU,3
TJTZA,PBBFT,56
FNPNK,HZZCX,104
HFB]D,_ITbO,77
Ea^]D,aZIXM,45
bZQUc,UTFK],80
`YVI_,GTR[B,24
EIYaW,DR`FF,80
B_YEW,]aGTD,87
]_SKa,RNAOH,87
GWOcX,_OSSL,51
`GSDX,`XR]N,40
EbJZP,NXJ`D,33
VT`cZ,aWQPX,36
UUWHT,Ba\T`,58
BF_bF,H`cCb,25
Y`UHX,PFFZO,5
DLFKK,CXBNC,48
NV\HM,[PUX[,116
cM`_C,IZTcW,108
`QPcK,ZYMB],48
[KISC,AV\Uc,99
bUIST,XT^[K,24
AJEEB,NVZaE,75
TEVcT,FTIAK,47
J[QQV,aBcFc,109
XaKb],HFKa`,57
R\UEH,WRM]Q,10
`C]WN,_`MNY,34
GcP`\,SYB]c,32
PHTJO,JGcPE,38
X^V^Q,DFPXG,49
\]aVb,_Y\JO,105
YIUWC,XBaNR,48
E^acZ,SYRDW,3
DAY]G,BP`KL,105
\DSTN,PDHBI,39
cROJ`,VKZS^,88
RcQAJ,_SGTZ,62
HFO^S,IHVU\,23
Ya`MF,HDQDY,33
[LMQJ,ECP]U,62
CMO^F,SDUBR,56
NQY[S,PMC[N,29
C_^Da,cAM]C,31
\^AaV,BVP\`,58
KJIBJ,b\TNM,116
G[LD`,WYVcN,8
IEZ\K,GL\PD,61
YVVIM,Y[_V[,72
J_XC_,abD_N,8
XVTDJ,M[FaX,67
bGN]a,DXA_a,74
F[MN^,V_T`a,35
aMcb`,F\CBb,60
FHSM[,cWATT,66
C\_GY,ZYVEY,114
GYUFX,Sc_SH,40
`b_I[,a\DVc,91
MUHBH,DNCYU,68
MGPAT,SZLLY,25
GaabO,IYNTD,91
N]^\X,MYBVJ,119
EOVNU,HQ]bE,89
B]AaU,YZLYA,99
NNJCI,CT_QR,21
VROaG,`FWAH,7
AARUN,JZ^Qa,114
GU_X\,QNABI,114
ZTTPI,cSRYN,91
X^ENB,BBZPM,10
[a`WY,OOJHY,58
]F\EJ,NRS^D,101
_ZW\[,CYSFV,22
ULUUc,I\M_b,14
MZRWE,UPDHL,3
VRcbN,TSIHY,78
XCFRa,\APQL,78
XPZYb,VBWWK,112
_DJIT,Zb]FU,27
]G^W_,RXM\C,69
L[K[^,V_KaY,35
R\AZ],GCVOU,23
Q_XZX,`AbER,21
QZOMX,`cIAQ,56
_YN`_,NCLFY,3
EAZ]E,XPKJ\,93
b]_RR,VZV]K,13
bWHVZ,`KJIA,3
_QKDX,aaF]F,66
EaLJE,EAZT\,65
TVH[],KaDbF,5
KPDTB,KUQQ_,117
UMHK],^XF\U,70
Ta]S[,EPU\L,116
SSNbX,S\OU\,78
JI_ZI,BcSNL,53
F\GFQ,^YUOb,104
TFX_Q,ONJHc,49
TLIDO,^YFVM,3
JCFSQ,PLcH_,60
WBaAO,QXD[H,34
YG_WO,RU]QX,39
c]`^L,Uc_HD,10
^\ADP,QHbQb,77
_[PNA,SHDac,14
aATbC,aBCFO,116
cR\BD,YZTPL,67
A]cK[,YU[cZ,73
K\_\P,LNDLQ,41
QY]SQ,^H_HI,79
bYAAA,QPUcZ,108
^\bAC,WJBFN,5
_V`R^,KMU^X,84
]MCSC,H\][G,10
XBH[b,QNBHS,28
YTaUJ,_aDQJ,78
RHEEN,OPADY,59
AGJHO,\ILZL,26
a[JEF,]ZYXK,30
b`CRS,FII[c,71
CR^ME,IcIHD,69
Q[E`D,SRNFc,50
bSBWc,`LIO],65
^Z[BS,YV]VL,47
NNbBJ,YFFLS,77
INI_V,bBSZC,0
_JbQU,^EKSS,23
NBMBa,HKY`b,83
DEGNM,\FZAQ,37
RUL`c,L_BQB,103
QH^[_,EaRPM,7
RDLXP,FMQ[_,13
c\_F`,MZ^MH,16
AYJGP,Q_GLS,51
ESS]b,JFQHB,108
DPQNK,[P_C[,21
aLP_K,RQFcP,37
VTSEI,BM][N,62
RIW^A,ULAGK,75
cUWTc,KOb[^,87
HJ_\F,TTQLM,20
IcX[\,PZ]DP,34
QWFJM,FAUWZ,75
TUYVF,]EcI^,21
TNPSN,F[PCD,22
AKSc],PLADa,90
CNQIU,DPIW_,42
LTWRC,RFcaI,74
J\V`M,aPUMJ,68
RY_IU,EMaZ_,93
WYKTc,VXPLQ,80
OYb`N,OJCLJ,36
UaG]U,G\`NO,47
OG^FX,DYP]Z,57
HPRZM,CZUAU,22
ZC^XP,[R`MS,112
^`cFQ,KRTFD,89
YF_]Z,NUUE\,37
OU_CT,cPVBO,2
AI\bM,_WbK_,6
^LYGJ,c`C\b,57
JHJLW,TOFXX,5
LEURR,[`BQF,6
MNDOb,KDRHT,84
bMZLV,bS_`M,40
JDcTa,URcXJ,51
QGLDK,RQ]EM,78
]GTNY,BDOMM,50
YZSSQ,WLNRR,64
[IVTV,ONIYO,28
WBFaS,G]MVG,108
SEaZK,\^[cR,107
LANGG,\NSSV,43
BaacL,STWHc,3
TNOQC,LaXHN,7
BEVEK,RBTCT,29
FWTY_,QDWQa,96
aI]I],bQMOJ,116
SQcXY,KJcGb,17
LNabP,ICGDP,93
KHYaK,cO\XT,85
ccNUK,a`IaQ,59
LFQCQ,N[YPa,95
`^P^N,H]HEW,22
^[AIK,[ZQ_O,114
FZFM_,OJEY^,47
_XFaO,\^UHE,27
PUacU,[IaYK,32
MccDA,bR]OE,2
^cVW_,QIJJU,46
CQMaH,OKC\O,10
Y]BZP,Jb_Eb,118
[_Z^R,OKabB,95
aVcTK,bWBTZ,110
aWDKY,^WYXQ,82
EON^S,`XGGG,90
EYRGC,][EZc,76
`HUTY,_FbaG,67
K^W]F,a_\SJ,46
OPIWI,SFFHc,110
AD`DX,[X_QJ,118
CYPGT,TNPPC,58
J^a[K,]FLTY,112
UJVDH,K`UIZ,106
IJHPZ,CYJZ_,114
ECXKR,LQcEc,68
[RCVU,FBVO^,94
TcGCH,cWBP],39
IFIIS,R`AU^,105
FQLT^,VYRQQ,28
`HTS^,SUcb^,31
c\AKE,B[OG[,70
YYV[[,WI^aG,102
\cDXE,S`GbY,86
NVHCS,TR`]L,120
JJDOK,S^LL_,51
_ND`_,HZ]N[,51
X\\RC,W\OAL,65
^PU[],ZHH]A,74
FIUUO,PZTP],92
NHbHb,GFHbC,59
ZEB\`,TbWOO,19
OCQXB,CWaRS,60
ZKELZ,TXQMS,119
KKbL^,C\RFW,30
]XcX_,P^\[`,80
Q\aAE,_UAHT,70
DHRaS,]SbIc,116
Ja`RU,BP_^_,88
ZVDcU,YH`Pc,103
^Rc\`,UNNH`,55
X^bEQ,NVYFb,8
ZWF\A,HDIIG,118
PZEUD,YFITG,59
ETU\Y,OZRKG,13
_YDPV,PIbOM,82
OXCQB,]FSPR,105
NbIOa,IXETZ,85
D[AM`,a^NCE,2
QX`Kc,\YCcJ,108
RMAaN,^`QVD,11
ILPLC,\[XB`,3
IUBNP,PVHJZ,33
QIF_Q,MbENJ,110
REYbW,OMDEM,23
AZIRc,GRLUQ,112
`JW]c,_LV[],84
MPNUV,JHS`H,121
^]PZL,S_`UU,42
BQDGY,OP_AQ,75
JSKTH,MR`bV,24
W[]S\,IOFa`,34
LPBUa,OFBFT,16
C^cJc,D[BHH,90
UW^CF,P\IPO,15
FTRZF,ZZBRC,100
H`WOJ,UbFcP,76
`[]SY,SGENF,19
ZVXX[,bPDHD,10
cEbE[,TLCF_,41
OYTQK,DILXY,40
a\`KC,FSOMO,88
MUcEA,S\`OK,64
E_EIA,FULIJ,24
JUCYI,ANTJ[,73
DYOGK,KKV_G,21
^UIXD,LZb[\,62
`]K`Y,MQPIV,19
PNFb[,UFEaI,102
ZZcbP,]PQT\,72
SCK]Z,G]_K\,43
D\_Ab,FH]QZ,56
N\Kac,]BYWD,58
ELa`^,EZ_L[,77
XZKAQ,R[K^L,103
YZbWS,M]VAB,55
EIUEZ,cUQMA,106
PBBaN,GG_XF,2
bDBRO,RaIB],10
bZZXJ,U[[IR,82
DHSAX,CIQO`,50
XW\\N,GWBbW,82
[_WaO,ZXMG\,3
TCX``,`^UIQ,57
MPI^F,[LOaQ,52
TOWQ\,IIORS,49
cPOLK,BIKS],100
ILZYW,WVVbT,6
DRWCQ,\JVFb,95
EQJHa,]JFFP,56
LPMPJ,BU`KB,107
H_aPN,IG\E],22
aDbE^,GJSHT,74
YT\TA,bPKSb,82
TaPGN,QTcT^,8
a\UP`,OWGIG,28
CbbHS,Q\SNX,30
CVLb],^KIUL,0
FZ_DS,^UPM[,95
bLSCA,cOB`T,49
aGQFC,FcSD^,14
ZVZEA,XES]D,117
QVXGW,R]R`U,120
ZTUCC,SWHHF,28
aO_AR,MYRbQ,111
P[ZKH,OH]MS,61
HAY[T,LAZW],36
b\bUP,QJISS,72
_KVab,APcaI,105
]EU[Y,BZUQO,13
_METS,aOCCC,116
\^\BD,aJ_bL,119
CB`OT,XMECO,86
TA\Q_,MZZQZ,38
Z[SDT,T^DBC,119
QOBaE,DT\U`,52
LQEO],KL]PJ,113
NWVOX,\NcSK,5
ZVQ^R,b]QQN,10
KAcOK,cGWUU,57
_cSWC,LMWN_,76
aPUST,XRHJN,89
V]YY^,RW^KQ,39
K_bLL,YAc\J,39
^aOVM,KF`U^,76
QTQWV,THATF,116
cQTET,QDEW`,5
\L\`X,LQFUU,51
ZQa_R,ZELbH,72
THPQS,aX_FL,28
DC[FA,`V_aB,120
ZIAB[,a]_U^,112
AWRUJ,_YS]U,113
MGZBY,CFSaB,68
cMW`A,PDU^U,115
`VSL`,K^FZG,96
Q`UXO,WRa\G,21
CEGTX,C\EEM,36
M\MUb,F[MEM,62
aRaD[,KKGLR,111
\HEKI,D\WUb,40
KDBAV,YGbCY,42
LQ]WI,ObCCb,52
H[ZUH,YKK]U,85
A``[X,A\ORJ,104
YWRUV,SORYc,41
SHUXZ,A[cGR,0
OcbCX,GGKKS,119
KbNAV,MHBaW,68
RPF^P,VGPXc,33
Ba[[U,]XMbY,105
I`XDb,QKXNX,31
UKO`A,Y^BSa,42
Gab[S,FUQSQ,90
^IMHc,PVZ[G,19
L_U_A,LB^Qa,73
JRAF\,MDQ]J,84
ZKR]G,KcIWQ,77
`LJOO,JJJ^O,112
RZLIa,\BFBW,79
_KSMQ,OKTcF,87
PYA`X,JRCP\,52
HREH^,M`CZQ,73
D[JHT,ECAN^,64
GOQI^,U^C[^,72
L]BXW,LRXCJ,60
BQOFN,^P`LX,107
ZDaIM,bML`F,57
DZAMT,RIY_T,94
L^_IO,SOZKJ,12
X^W\E,JHcWM,39
MJ_PA,`F^VP,91
bTaTM,W_]EG,13
MbVQc,VBb[M,92
ZIXMU,QbKZI,95
_HYEG,G`BJX,55
UaB]c,WUS_H,19
JLcO\,ba[BU,91
XNB\[,UZ]EZ,64
\K_YA,GaEHP,10
R\KV\,PbCGR,41
XG_bT,^CJKQ,90
\NEPG,AGQJV,42
MNCTF,GMUEB,60
WGX[A,D[ZXa,5
TIQIG,SYYMJ,91
aPZN[,bUWDL,73
_OQ[G,PX_E`,32
NWWO[,cG`X\,11
W\U_],YQZGC,102
]W[a_,UOQQa,33
]HI^b,GHC`W,28
MWICK,FFNQA,56
]F]Ub,U_LGU,94
J]IWO,LVR_P,70
QKACQ,G`EIC,49
YcEXP,VNU`E,67
^\HVI,OKBYL,74
cUHX^,NbWJV,46
cacHA,]LYYA,75
RZEIS,LBTbJ,97
GI^N`,D^]PU,90
^^aPZ,KBLQ`,8
[HOWF,^JYGG,119
XUCQK,QRQLO,33
MZbBJ,NRUDR,59
H[FNR,_[YCa,61
RNM[R,YP\O^,13
JRLOE,KLIbV,99
HUID\,YCVOZ,17
GAN]],SOBEU,3
AIV`_,CZ]\O,4
E[`GW,NaC[^,80
WOJKO,SM_JD,113
YcSII,VCB[Z,74
cMbJ],NRAU],62
HCAQ_,]MGKL,61
AIDOO,NT^^F,15
A\^B^,FPbKJ,91
SZXAL,UC\D[,60
K\_T\,EX`O[,66
Q^FbU,cA`b],35
IWQP\,BcDH\,58
^TI[B,VC[H[,20
\N`FS,YWBQU,57
TBBVJ,aRTYN,14
AJZAZ,DLS]O,17
cJY\R,KP`Q\,0
XXHMZ,GK]VR,22
]J_BY,N^^_O,42
PAUYB,VDKRO,71
BB]ZT,YBLHI,121
Z]EXW,UcG\b,87
YQ_VG,a\AOa,106
GSBIZ,]HGLc,46
`MZPS,VMMLS,98
RMJMK,JLIQI,24
DLFWc,HM\\V,56
cAIac,ZMEMV,24
VHKaa,c_AHb,13
aEPWb,IOCFB,33
AJEVZ,U`[`V,70
PMP]K,GbPN],15
TPRc`,aD_NE,93
\MI\a,LBcLB,45
FaOU[,AMIDJ,114
cSKHb,_H\ac,7
aSKT\,QFITR,45
NccEU,\HWKF,7
cATIM,^FNCb,93
URa\S,[LD]`,87
I[aHI,DIONb,40
KGF[_,YAX]X,6
SbLBT,JZ[NL,33
bZTOO,[ST_P,19
\X^[K,EO^S^,18
QUFVZ,BGEQ[,76
BSP\J,BbINL,39
JWDKM,FHcIE,103
CI^FI,cUR[A,113
PUVJZ,\LEVN,25
L\[_G,DcGGU,108
RaN^R,W]GE],1
H\WI\,`]IKY,39
KDP^A,GOLG],115
LIAWA,BLCEP,32
[RRcI,W^L[J,7
IaJNY,[[XJJ,4
XcKXN,C\c^H,7
T]AUK,LRHb^,83
JAFUU,DFM]P,83
JAUOK,FIaCJ,67
\JOJH,A`\ID,48
aXXVI,QHTB^,0
cPS`b,X]EBb,34
KTNVU,EIAV^,95
IU_b`,^CaLD,29
J_DAA,ROAIJ,110
]cTNE,C[KNJ,25
YZ\XM,VJ_CG,82
VaDMP,MJ\AS,28
O^LWb,KFL]^,22
PEHMS,A`ZQc,46
ONFQ_,O__JN,37
^ZEHF,DV[ZM,71
WAUWO,ZW^EJ,10
VQXOR,cAAKO,50
A\NFN,BNBaK,17
PEXAI,VcPK\,34
[TbBZ,PL]L[,63
O[JT_,]ZZ`R,42
[aIIS,I]JLJ,23
bNHYb,YUEAb,120
SNBIb,\G`^K,83
YJILQ,FJFKZ,109
R\GNA,MYOKQ,39
X_JXS,ECTKW,69
WRbEG,MK_RJ,116
R_NG[,LZDQT,62
^\RUc,]NG^U,41
MZ[ZI,\OIDM,110
E[XMM,_VGXD,61
JXb]K,BY[MW,29
WCQ[S,HUQLG,47
HX`^G,[UE\[,72
UVUVW,GcOWL,50
MbUHF,GDCCC,73
QQc^Y,TCJTC,2
WT_UP,EPIbJ,42
CJFRJ,aWYca,86
`ENU_,OZRbO,121
YHQXL,MZEcS,31
PLSNL,\XcGD,96
`V`JZ,AG_J_,90
]EN^F,^W]ED,37
LPWAM,GTOZT,37
AS\TV,^AI_O,13
aDTUA,YBNYS,5
`VH[P,Z[]QA,59
EINPR,HVCCN,35
MHRTB,WWJ\D,53
QG^XT,_HcWK,61
BZV]P,EDX^c,38
B`ICb,M`LG`,44
[BBNB,^cDNV,101
JYAbT,]GWPI,39
IR`YQ,OO]YR,68
K\DAI,AKbQR,39
DVcYD,IMW]F,68
TBMQA,RQJYL,28
\LGUZ,b]JQH,30
G]CIJ,TWbK_,105
IZVKB,aGTVW,107
A[QJJ,aLBR`,94
IC]SF,TXDZS,61
]]FcC,CTcQN,69
QVcZa,\_D^Y,115
CLNEZ,O\`HQ,73
A^XLL,c\AZJ,87
RA]IS,`]P`M,94
cRSQA,WGFWJ,1
M`JN^,QSXVc,44
bPIGN,aYGSH,40
VWJN_,DDW[U,10
NcGYI,EGDQM,41
TEBEc,ZVcbG,59
J[Q_U,cOT^_,41
N`POE,LHXVL,92
SPE]],XH^HB,12
CGXID,ID_KC,67
ZJYS[,YGH\F,29
W^\cD,\EQXT,110
XYaDO,MDCYa,6
aJKbW,WYLTb,121
W^FVH,[[CTR,48
TWE_T,FNULE,107
[IPI],\SbHQ,115
aPMWP,JPa]c,16
ZM\T_,YRDSA,87
OSNMG,TLXWT,116
ScUPN,NDN_B,2
BD[W],aDP_D,7
MQaWO,URASQ,63
PYHX[,_LUAC,85
\ACVA,a_CLJ,15
RcIBU,Y^GCc,57
CGCY\,Z_BRR,73
D_]BW,YcZBc,98
FWG`c,ZTYPK,66
NRR`b,^VUMD,49
AY`^F,MHNOP,60
PEGTL,EXTFM,1
KURBP,BSPGJ,91
HQH`X,NFFKK,10
FMVXE,bODZA,78
aAULP,CHAFZ,91
RB_TG,LJS^W,120
R_NIQ,aYWZ^,19
TN`^S,UKAO^,63
[XUPZ,^DCXJ,20
ASILa,XZLVS,87
\DPIX,PPCG[,21
_XDEI,[VUI`,72
XXUW^,BQTQ],33
XPF_F,YHI`T,97
]H[OG,K]FcR,104
[U`MQ,_LCA`,96
AJWET,ZAU[K,31
F]XCa,FUBI_,35
QWF`_,STLc^,0
UYOTK,DG^AK,72
P`bMD,NWAJ_,114
WZYBJ,HSWDM,44
Y`_CY,QPHQ^,50
KPRX`,_JSOa,54
NNGPG,^_cLW,60
WMKU_,BDYF`,44
[SKEI,UcQJV,64
[WVKY,RbYDB,99
`ES]J,_TcaN,110
IWHRJ,JLSJU,48
QaGGW,\^KTE,6
SDMMO,ZVUJW,58
J[TcS,JEW`K,57
^N[NE,GRFZc,50
ZAEZV,X^`]H,83
BSa\B,aIJYN,7
CXJSL,cLbLP,69
SR[]T,W_GKY,77
FPGOK,CPMIX,103
GXSN`,^RYYS,89
BORAY,H_OTU,36
OSNb],RcTHU,14
SGXbZ,]UU]^,36
DHWAM,ITJAA,16
WTKE^,Z]IWa,58
XXL^P,HcCQV,46
[]HFR,PLcXC,62
`VGFa,KaIBZ,80
DQBYH,LPGbc,23
KGDPB,PBKa^,61
KVLFH,X`XGZ,114
ZUTD^,]ZJZG,34
M^DIR,MUTLY,0
S_^MX,FSGUT,45
[XY`R,_K`[b,21
HC`MA,SOaTP,68
ZcMMA,REYUB,6
X[ZHF,bO^\J,31
aHC^P,OLaOU,13
Z_ALV,TLXI_,16
IRZK`,SB[\B,20
TVOJZ,M\GKW,70
bKEDD,WD`CC,100
HcTA\,VKMC\,60
LBMJO,L]ZRX,93
^RXCC,\L`WV,119
aaLN\,CBZYG,45
[T_Ha,JB]Cb,29
I`WSP,V\WcX,28
aB^^V,AOOSE,19
J\JTN,PS[]A,8
BSMJ[,YZXP_,33
ATQXU,WFVNC,55
b\JGL,``OAc,82
GF^BA,`KLB\,31
Xc_]D,CaZUH,97
CEaI`,B^RU`,80
_VI_A,UGK`E,32
c_JaU,ZLSGA,46
FWHIK,bDCRY,58
I`YcX,cDDLa,86
J^REN,WMAcP,16
^HJRE,FN]DR,27
Ha\S[,I_IOC,75
GLVDC,bXMSG,35
NUUGa,XS^NM,2
Ub`Yc,VIY]X,36
_BK_],ZFZ^A,35
`YY__,WV^YL,71
EKOZ_,`ZFWB,59
_T_]_,U^c[P,92
__Q]E,DVEcJ,71
YTYWM,WJKb[,114
TaF`_,B\YM\,27
UN^Nb,\BN^I,45
GKXaR,PWEZQ,101
PVNQU,H^Q^N,47
PSJYc,DELFO,118
LVUJK,aVESH,39
HEKXY,GO]KO,106
bSVOW,OD_M_,33
OHJZJ,SG`aX,65
EPOHG,TMOQM,15
MVEMM,AKcY\,98
RYYPY,NRb\b,110
MYbHY,OACGG,120
\QSLA,QaaRZ,104
FSKLI,SYK^L,101
ZcVVC,BGXXE,76
PMEAQ,^Z]DN,15
QBcDF,NZOLU,108
F`JKM,G\U\[,71
RWYJ[,W_YA^,89
ccSQU,[L_UU,96
HCI^F,TM]VC,100
KISHN,M]EAA,0
D]XbE,XQVJU,8
_MRXJ,\MYF\,98
K\X`X,HRScY,92
WOIP`,]_DaK,17
cY`YB,QDLNX,41
DaMVE,RFCPZ,108
UBCNQ,XFbR^,112
WHUY\,M^R[\,114
VBCC_,`J_TA,114
PXPM`,b[WKK,79
LR^NN,CY[_Z,79
cFaQ`,aZGEQ,46
WOMX[,SY[LN,35
CXANM,JSL_H,80
DMLRL,OTVGM,84
NDbCJ,Mc^HV,46
_EKDF,]BDEM,116
YcPYb,Ec`Zc,18
UFOM[,GDaV],70
H`JX[,_CL[J,119
FM^\L,VaBKa,102
\^_ZF,HNa]X,51
]UMNU,GFAAO,69
AKGcK,L[GN\,49
VH\^X,]ZDVV,31
RR`G],KM\FX,12
cDF`D,TaQZF,110
PBVFP,GaFGL,2
U\IDG,RNPOB,0
bMSA^,HGUM^,50
AOBa\,FGVHZ,121
PBBQD,UQJ_E,80
cX\DG,DFNAU,41
S`C]I,B^\]M,112
UGAEX,J]V[P,89
T^BW\,XVXTW,120
KY[BL,TCUMW,41
[H_CC,X^Q`U,45
EJ`R_,UFbLP,98
FUSLK,VaCPY,8
CBM^O,Z^]Pa,2
DVbJC,[UcD\,57
AS`]D,ZIOIO,106
QJPFY,XbOII,118
TT_G`,`ZNQV,53
ILEEZ,Q^HUJ,99
^bGKX,TFO\Z,45
aSRKb,S]MXN,85
ASVUb,cLLT[,28
BP`SL,XATJ`,63
IIVR\,SPQT`,73
DbcZB,MJ^bT,34
TLM^Y,XLPPH,50
EMDV_,SIFU_,101
IQUVQ,^Cc]M,2
GJX_S,XAXHE,58
[RVIQ,\HPMM,80
UVaZR,\RHE`,14
_I^ZS,MZbc_,35
RF[MM,WZEBM,99
TK_BV,A[AVb,99
GVF_B,PFAIL,66
GMZUJ,]bOEG,20
HcaG\,MOB]Z,8
\]NNc,HUULN,19
a[ZQ],CV`TY,44
BX_MF,]^BIO,13
EY[aM,]BTZN,45
\[]_Q,L^UYQ,89
KObCS,\LDaF,14
M]_YE,DSTc^,115
_WPQM,GbcPL,82
ca\EU,OSVUP,57
]OVHU,NCHWL,37
\EIKV,_BWUH,98
DG^ZQ,]RFUH,38
PXETT,ZZ_GE,92
cRT]E,[R_cY,34
_KCEC,OaOL],65
YDSBL,^IHVV,8
aB]]H,OO^JJ,115
[JZ^D,PONJF,52
NJaY`,LO_DA,121
XAa`b,QHJNF,77
HI]a\,V_UIY,50
]b_LB,PRLBG,22
\QOAE,\[NL[,9
\\BSM,EaWDC,91
CY`^V,YFWNZ,96
BOHaS,SXGGR,27
]OHaU,EMDQa,102
S]Z_b,QY`CQ,97
PY\Q],IYcB`,120
PRWAb,cZaWN,112
KMCST,PKQ]a,101
QTbT],GBUbO,91
X[HHV,VGFKS,1
`bURU,\VNAM,58
AIGPL,KBMU^,53
MIVLM,O[W]c,14
C[bAI,APJDF,39
WANSC,QCbcB,89
MASZR,IQ\WD,9
Y[^GF,CORGN,103
UABaP,JX]UM,69
FWCML,GMcVN,87
T\aPF,WcJaR,110
AQ^XF,AXWJU,107
PJcDU,Z^FMU,111
`L^OF,DWZ]V,21
V[JRC,J[PZQ,51
UUc^a,C]MTM,36
VQ]OE,b]\cI,46
_H_TT,ZSWJY,58
LbIOZ,OcSAH,38
QLYZR,XPaKM,34
^ULJJ,]aVGH,74
`\HO],aKF[c,19
]DPaF,OcZZD,108
\QHMa,CZEXJ,30
THMWa,BIO]B,6
WS_UH,NXRXY,67
QRXEc,JEDID,12
N[QJQ,CEF^S,3
QLDQK,P]FWA,72
VVJLM,aICQ^,102
SYL`\,cTLCC,114
aH[`Q,]`GaR,66
_Y`EV,YVME],4
E[OLJ,^IR]c,108
LLD^C,aFH\U,24
