NU^XC,`BPJ],05.05.1985
`aYAc,GSZU[,22.12.1967
YCY]N,VD]XC,08.07.1945
JKU[U,VJQEU,07.06.1936
YEE\O,AGK^Z,21.02.1906
V`P]V,K^VWK,08.05.1933
UIKQF,FW^\b,06.10.1973
E`Cbb,cIHYR,24.04.1976
FcUNB,aSK[`,24.01.1953
`bEZD,SBFCc,12.09.1937
aCLcG,DbKPR,01.03.1969
Jb\[F,ZGJ_c,23.10.1995
UERQU,[RRQQ,10.08.1943
Ac_SW,HW[NR,20.01.2008
ZIFDC,P`aaW,16.05.2010
ARU^S,ANA^H,14.03.1922
TZbHQ,WDR^Y,24.03.1937
VMBKS,DZcGW,01.06.1933
bEbT^,`UIBB,11.10.1919
WaLbT,^YcTK,17.05.1917
cULUA,VNA_^,23.02.1964
SMTRF,FQKUE,22.07.1979
GGaZY,DRLB[,23.10.1990
VOBD],HC[EY,01.06.1938
EDb^J,TbLK],10.04.1930
a\ZHP,GHTX_,16.10.1934
WaCI^,YB[bc,08.08.1938
cC_^b,Z\QYJ,16.03.1949
cPDN[,Y[^]D,26.09.1928
RNCKU,M`KK`,08.10.2003
ILDB\,NIICc,23.06.1981
OG`TR,[\WGO,19.09.1923
R_PSG,aPc^M,03.08.1981
bCU]^,`ZXJZ,20.08.2020
_NQUH,HNUcL,27.09.1941
IW`XB,R^[P`,22.04.2007
RIaQY,J_CWI,10.02.2001
S_]J\,QbTSR,02.12.1961
^\KK^,ROLQM,10.11.1974
AbG^I,XKSV`,21.04.1987
WRZ\L,KFHRK,08.03.1984
MQaXU,NVbQI,02.03.1983
Ba^EU,EJaMN,05.06.1949
HbO`O,UNO_W,03.05.2002
SECKJ,RbKY`,05.12.1971
bUFTM,IGVIB,11.11.1934
OIbCL,CEGTG,28.12.1964
U[^^[,BMFS^,19.12.1981
XR]R],NQAOL,02.06.1965
N^XN\,PNPKE,22.07.1933
J\X\c,UGYKG,15.03.1968
WH[M^,]RGMX,25.09.1978
\HZcJ,VHEZD,03.01.1951
YDCWP,EaEYN,10.07.2010
AWWXa,cAWIb,15.04.1958
U]HAH,DTD_O,11.12.1939
_BDAS,]]VO_,11.08.1950
aZY`Y,MNZ[Z,16.12.1915
HODRS,]cMAK,24.08.1971
NVFZ\,E\DGW,12.09.1995
LXNaR,JECXB,20.06.1985
OPXZT,LRR\b,03.11.1911
cUcCC,JH_NR,16.08.1978
cEGGQ,]IYQN,18.04.1922
SLCTS,FDINR,17.11.1946
aKKEN,bOPNR,18.08.1953
MTWWH,[aIYJ,16.03.1995
FR]Tb,SAEDX,19.08.1952
DCaJb,ZEJJP,11.04.1958
EQOUK,``aXY,09.06.1933
TI]WX,UB_]L,09.03.1915
GCS_\,EEA_S,22.09.1972
D\COK,_\IG^,02.12.1971
FALa[,^EQc],24.08.1931
BKZNH,VS\W],03.12.1945
AQCZ[,EDEOY,05.04.1915
NHTBO,JZVXN,14.02.2009
acHM\,_LbSJ,19.07.1961
QFEM`,S[YHP,09.01.1903
c``HK,^ABRM,08.02.2007
`BFZU,C_]`E,04.08.1920
\BX\A,]`N]A,08.07.1906
OJY[M,TT\[A,23.08.2008
\YFSQ,M_]S],12.01.1924
GDSU^,DRRO^,19.09.1946
OFTGY,QVG\],03.04.1969
UacaF,ZYaKc,22.08.1957
]]HFU,]EQ`J,21.12.1909
MEBDH,JA]J],07.05.1992
cET_c,SHA]P,27.11.1944
QGNHF,Tc\XE,13.02.1995
\G\IW,OTbcQ,14.07.1933
C\PVc,VcJ_\,26.11.2000
OEP]S,L^DJJ,01.02.1989
bMWXF,\FLUa,12.10.1935
HBMKJ,X\VHN,13.03.1934
bDaXc,VZU]L,12.08.1996
JVE^Q,GONaW,11.04.1991
XT_TZ,`]SRY,20.08.2020
SYPP`,TC`EO,02.03.2017
_F\YR,NOJFB,28.06.1948
BCW\G,N[APQ,14.11.1934
UIHC],_a[Z[,14.01.1959
VbWLD,XNRNO,10.07.1930
FPVLa,\OUKB,24.07.2001
N^YDD,XXZ`K,12.12.1951
GIXZE,I_IVD,25.08.1946
HYCCM,A_KBG,22.08.1989
KGCQ],RCP`^,19.03.1956
]MB]C,cK`P_,17.01.1957
T^IDK,ZSQ]E,08.06.1936
QAR[J,POTHA,19.12.1938
PKRUU,VSGKX,20.02.1963
MZ]F],D`G[\,19.12.1958
NCbW`,KIENb,01.01.1960
bAbaB,OCT[F,04.02.1956
FSH`H,IFcD`,25.10.1941
R[bQO,PRHIJ,08.08.1964
DMJYO,\cL^_,18.06.1969
EONOS,SR]YJ,25.04.1967
]XSA`,[CUEN,28.10.2018
TRXU^,CQGTT,21.10.2010
UcTSW,MN^QC,10.05.1983
D]OJV,ORLAZ,18.05.1937
SHRF^,WXSOM,03.03.1999
CSIZK,PHOb],13.03.1947
Bbc\V,Z\VIG,02.11.1911
IJYKW,C_SGI,09.08.1902
L]PHM,FOX^A,26.09.1980
Y_LbC,X_XEU,04.04.1942
bUJIc,Qbb]\,26.08.1909
VaTba,DCVCE,05.11.1969
YH_F],NbJS_,25.04.1951
Ia`cB,P\U^S,12.07.2008
cFVLa,YDEVV,08.08.1981
b_abL,]AKMG,21.12.1959
CPZYP,EOIGZ,18.04.2000
cXS\b,YEWQQ,18.04.1965
aL\QZ,WccZE,12.01.1929
GADQP,YJ_KP,04.10.1928
KUIYA,KJUJO,09.02.1917
[]A[`,JSN\K,12.11.1934
]CNOD,NGOZC,09.03.1992
bQ]WP,SbSGE,19.07.1958
CTAM`,AE]bZ,08.09.1926
PBICc,]JMbM,21.02.1986
_KJYJ,T`\ZP,16.12.1960
\cb^],EPOKa,11.09.1993
aPIQa,DHACI,28.07.1994
G^CTT,KTPLa,10.09.1990
FNYMS,SVK\B,12.07.2005
]CR^W,QPSbY,05.08.2012
RPTO^,NBQCP,06.12.1980
[bNBQ,KFHCN,05.10.2004
E[PRO,CHTUJ,18.01.1929
K^OJI,ORb_N,12.01.1944
[AHAE,FH\XQ,12.08.1933
XSWOA,LJGAJ,11.06.2005
OYaba,EA\aH,22.06.1994
c^LOQ,TOJb\,09.12.1965
XDG_J,U\UNZ,24.04.1902
\E][K,CXJEJ,28.03.1979
]ZWMV,XIAHb,08.10.1903
GaT]b,A\C^G,15.03.1989
WNBYI,\YQ_[,14.12.1976
BFNNX,A`O`W,03.05.1907
P]ED[,LL\cZ,21.09.1985
NLCAE,acV`D,12.12.1957
BQK]G,FVcGc,11.04.1921
R[Z]`,ZJSIT,19.12.1968
NDL\`,c\Y]U,06.02.1982
NMQEW,LT__A,27.11.1927
OWLYF,QbTPD,25.04.1954
EAP`D,BTV\^,16.06.1949
FHQOC,bSa^I,07.04.1932
U^K[[,VZSXK,16.11.1986
FDRM`,AUcPH,10.11.1965
VTNQW,C]LUN,21.06.1946
Y]E_C,MSIVC,06.02.1954
LHEXS,JLXFP,25.04.1923
aVbX`,GVVPK,07.07.1920
MWFMO,T_MLU,28.03.2018
TJTZA,PBBFT,09.05.1965
FNPNK,HZZCX,06.12.1917
HFB]D,_ITbO,05.01.1944
Ea^]D,aZIXM,02.09.1976
bZQUc,UTFK],20.12.1941
`YVI_,GTR[B,01.01.1997
EIYaW,DR`FF,12.04.1941
B_YEW,]aGTD,17.04.1934
]_SKa,RNAOH,13.11.1934
GWOcX,_OSSL,09.08.1970
`GSDX,`XR]N,02.07.1981
EbJZP,NXJ`D,22.01.1988
VT`cZ,aWQPX,16.09.1985
UUWHT,Ba\T`,28.12.1963
BF_bF,H`cCb,10.01.1996
Y`UHX,PFFZO,12.10.2016
DLFKK,CXBNC,01.04.1973
NV\HM,[PUX[,11.04.1905
cM`_C,IZTcW,25.06.1913
`QPcK,ZYMB],18.03.1973
[KISC,AV\Uc,14.03.1922
bUIST,XT^[K,12.11.1997
AJEEB,NVZaE,24.11.1946
TEVcT,FTIAK,04.04.1974
J[QQV,aBcFc,18.11.1912
XaKb],HFKa`,21.05.1964
R\UEH,WRM]Q,08.02.2011
`C]WN,_`MNY,10.07.1987
GcP`\,SYB]c,22.09.1989
PHTJO,JGcPE,19.10.1983
X^V^Q,DFPXG,24.05.1972
\]aVb,_Y\JO,12.02.1916
YIUWC,XBaNR,05.08.1973
E^acZ,SYRDW,22.03.2018
DAY]G,BP`KL,25.01.1916
\DSTN,PDHBI,13.03.1982
cROJ`,VKZS^,17.06.1933
RcQAJ,_SGTZ,01.10.1959
HFO^S,IHVU\,08.09.1998
Ya`MF,HDQDY,15.12.1988
[LMQJ,ECP]U,08.06.1959
CMO^F,SDUBR,08.07.1965
NQY[S,PMC[N,15.06.1992
C_^Da,cAM]C,05.06.1990
\^AaV,BVP\`,18.12.1963
KJIBJ,b\TNM,11.05.1905
G[LD`,WYVcN,24.03.2013
IEZ\K,GL\PD,11.10.1960
YVVIM,Y[_V[,13.07.1949
J_XC_,abD_N,27.08.2013
XVTDJ,M[FaX,07.12.1954
bGN]a,DXA_a,25.02.1947
F[MN^,V_T`a,10.05.1986
aMcb`,F\CBb,04.07.1961
FHSM[,cWATT,13.03.1955
C\_GY,ZYVEY,25.05.1907
GYUFX,Sc_SH,26.08.1981
`b_I[,a\DVc,16.07.1930
MUHBH,DNCYU,10.05.1953
MGPAT,SZLLY,21.02.1996
GaabO,IYNTD,16.06.1930
N]^\X,MYBVJ,14.08.1902
EOVNU,HQ]bE,22.05.1932
B]AaU,YZLYA,22.09.1922
NNJCI,CT_QR,01.03.2000
VROaG,`FWAH,06.07.2014
AARUN,JZ^Qa,15.07.1907
GU_X\,QNABI,24.03.1907
ZTTPI,cSRYN,06.02.1930
X^ENB,BBZPM,02.06.2011
[a`WY,OOJHY,18.06.1963
]F\EJ,NRS^D,14.09.1920
_ZW\[,CYSFV,01.05.1999
ULUUc,I\M_b,06.11.2007
MZRWE,UPDHL,03.12.2018
VRcbN,TSIHY,23.12.1943
XCFRa,\APQL,05.07.1943
XPZYb,VBWWK,10.04.1909
_DJIT,Zb]FU,18.06.1994
]G^W_,RXM\C,02.03.1952
L[K[^,V_KaY,08.03.1986
R\AZ],GCVOU,14.03.1998
Q_XZX,`AbER,08.03.2000
QZOMX,`cIAQ,11.12.1965
_YN`_,NCLFY,09.07.2018
EAZ]E,XPKJ\,01.01.1928
b]_RR,VZV]K,22.05.2008
bWHVZ,`KJIA,02.06.2018
_QKDX,aaF]F,15.07.1955
EaLJE,EAZT\,06.06.1956
TVH[],KaDbF,01.04.2016
KPDTB,KUQQ_,15.12.1904
UMHK],^XF\U,03.03.1951
Ta]S[,EPU\L,27.07.1905
SSNbX,S\OU\,06.06.1943
JI_ZI,BcSNL,08.12.1968
F\GFQ,^YUOb,10.01.1917
TFX_Q,ONJHc,12.07.1972
TLIDO,^YFVM,19.05.2018
JCFSQ,PLcH_,07.04.1961
WBaAO,QXD[H,17.02.1987
YG_WO,RU]QX,28.07.1982
c]`^L,Uc_HD,18.07.2011
^\ADP,QHbQb,14.12.1944
_[PNA,SHDac,13.11.2007
aATbC,aBCFO,20.08.1905
cR\BD,YZTPL,02.12.1954
A]cK[,YU[cZ,24.01.1948
K\_\P,LNDLQ,06.02.1980
QY]SQ,^H_HI,06.06.1942
bYAAA,QPUcZ,07.03.1913
^\bAC,WJBFN,06.02.2016
_V`R^,KMU^X,11.05.1937
]MCSC,H\][G,20.02.2011
XBH[b,QNBHS,06.01.1993
YTaUJ,_aDQJ,10.10.1943
RHEEN,OPADY,14.03.1962
AGJHO,\ILZL,12.03.1995
a[JEF,]ZYXK,17.02.1991
b`CRS,FII[c,25.09.1950
CR^ME,IcIHD,20.07.1952
Q[E`D,SRNFc,04.10.1971
bSBWc,`LIO],17.02.1956
^Z[BS,YV]VL,28.05.1974
NNbBJ,YFFLS,27.12.1944
INI_V,bBSZC,01.07.2021
_JbQU,^EKSS,12.03.1998
NBMBa,HKY`b,23.05.1938
DEGNM,\FZAQ,11.07.1984
RUL`c,L_BQB,15.04.1918
QH^[_,EaRPM,16.04.2014
RDLXP,FMQ[_,09.09.2008
c\_F`,MZ^MH,01.09.2005
AYJGP,Q_GLS,15.03.1970
ESS]b,JFQHB,16.02.1913
DPQNK,[P_C[,15.12.2000
aLP_K,RQFcP,01.08.1984
VTSEI,BM][N,25.01.1959
RIW^A,ULAGK,21.02.1946
cUWTc,KOb[^,17.08.1934
HJ_\F,TTQLM,16.02.2001
IcX[\,PZ]DP,20.05.1987
QWFJM,FAUWZ,19.03.1946
TUYVF,]EcI^,22.06.2000
TNPSN,F[PCD,22.04.1999
AKSc],PLADa,17.09.1931
CNQIU,DPIW_,19.01.1979
LTWRC,RFcaI,20.01.1947
J\V`M,aPUMJ,16.10.1953
RY_IU,EMaZ_,05.11.1928
WYKTc,VXPLQ,20.08.1941
OYb`N,OJCLJ,20.04.1985
UaG]U,G\`NO,14.04.1974
OG^FX,DYP]Z,06.02.1964
HPRZM,CZUAU,08.03.1999
ZC^XP,[R`MS,20.03.1909
^`cFQ,KRTFD,09.07.1932
YF_]Z,NUUE\,12.11.1984
OU_CT,cPVBO,02.06.2019
AI\bM,_WbK_,04.05.2015
^LYGJ,c`C\b,02.05.1964
JHJLW,TOFXX,10.03.2016
LEURR,[`BQF,18.08.2015
MNDOb,KDRHT,14.05.1937
bMZLV,bS_`M,21.03.1981
JDcTa,URcXJ,11.10.1970
QGLDK,RQ]EM,25.02.1943
]GTNY,BDOMM,28.04.1971
YZSSQ,WLNRR,11.10.1957
[IVTV,ONIYO,06.06.1993
WBFaS,G]MVG,26.08.1913
SEaZK,\^[cR,06.12.1914
LANGG,\NSSV,20.11.1978
BaacL,STWHc,21.11.2018
TNOQC,LaXHN,20.12.2014
BEVEK,RBTCT,16.11.1992
FWTY_,QDWQa,26.06.1925
aI]I],bQMOJ,22.06.1905
SQcXY,KJcGb,27.06.2004
LNabP,ICGDP,19.03.1928
KHYaK,cO\XT,27.09.1936
ccNUK,a`IaQ,09.05.1962
LFQCQ,N[YPa,20.01.1926
`^P^N,H]HEW,26.05.1999
^[AIK,[ZQ_O,20.09.1907
FZFM_,OJEY^,08.04.1974
_XFaO,\^UHE,12.08.1994
PUacU,[IaYK,28.09.1989
MccDA,bR]OE,16.12.2019
^cVW_,QIJJU,22.01.1975
CQMaH,OKC\O,10.11.2011
Y]BZP,Jb_Eb,24.08.1903
[_Z^R,OKabB,12.11.1926
aVcTK,bWBTZ,27.09.1911
aWDKY,^WYXQ,14.10.1939
EON^S,`XGGG,16.10.1931
EYRGC,][EZc,03.09.1945
`HUTY,_FbaG,04.05.1954
K^W]F,a_\SJ,09.02.1975
OPIWI,SFFHc,18.01.1911
AD`DX,[X_QJ,06.08.1903
CYPGT,TNPPC,07.08.1963
J^a[K,]FLTY,20.02.1909
UJVDH,K`UIZ,11.01.1915
IJHPZ,CYJZ_,26.11.1907
ECXKR,LQcEc,08.04.1953
[RCVU,FBVO^,01.09.1927
TcGCH,cWBP],19.04.1982
IFIIS,R`AU^,10.07.1916
FQLT^,VYRQQ,21.08.1993
`HTS^,SUcb^,27.08.1990
c\AKE,B[OG[,17.11.1951
YYV[[,WI^aG,23.07.1919
\cDXE,S`GbY,24.06.1935
NVHCS,TR`]L,15.08.1901
JJDOK,S^LL_,13.01.1970
_ND`_,HZ]N[,21.09.1970
X\\RC,W\OAL,06.05.1956
^PU[],ZHH]A,09.05.1947
FIUUO,PZTP],03.01.1929
NHbHb,GFHbC,24.05.1962
ZEB\`,TbWOO,28.02.2002
OCQXB,CWaRS,04.02.1961
ZKELZ,TXQMS,26.02.1902
KKbL^,C\RFW,27.03.1991
]XcX_,P^\[`,03.04.1941
Q\aAE,_UAHT,19.09.1951
DHRaS,]SbIc,08.06.1905
Ja`RU,BP_^_,08.07.1933
ZVDcU,YH`Pc,18.11.1918
^Rc\`,UNNH`,24.06.1966
X^bEQ,NVYFb,28.01.2013
ZWF\A,HDIIG,05.04.1903
PZEUD,YFITG,07.03.1962
ETU\Y,OZRKG,11.04.2008
_YDPV,PIbOM,25.04.1939
OXCQB,]FSPR,25.02.1916
NbIOa,IXETZ,13.06.1936
D[AM`,a^NCE,01.05.2019
QX`Kc,\YCcJ,12.08.1913
RMAaN,^`QVD,19.09.2010
ILPLC,\[XB`,07.09.2018
IUBNP,PVHJZ,23.04.1988
QIF_Q,MbENJ,08.11.1911
REYbW,OMDEM,05.03.1998
AZIRc,GRLUQ,02.07.1909
`JW]c,_LV[],07.09.1937
MPNUV,JHS`H,22.06.1900
^]PZL,S_`UU,02.05.1979
BQDGY,OP_AQ,28.11.1946
JSKTH,MR`bV,28.07.1997
W[]S\,IOFa`,11.08.1987
LPBUa,OFBFT,01.09.2005
C^cJc,D[BHH,07.04.1931
UW^CF,P\IPO,03.01.2006
FTRZF,ZZBRC,11.01.1921
H`WOJ,UbFcP,19.01.1945
`[]SY,SGENF,28.06.2002
ZVXX[,bPDHD,16.10.2011
cEbE[,TLCF_,24.12.1980
OYTQK,DILXY,16.01.1981
a\`KC,FSOMO,06.06.1933
MUcEA,S\`OK,01.05.1957
E_EIA,FULIJ,11.02.1997
JUCYI,ANTJ[,21.07.1948
DYOGK,KKV_G,01.03.2000
^UIXD,LZb[\,04.11.1959
`]K`Y,MQPIV,06.07.2002
PNFb[,UFEaI,27.11.1919
ZZcbP,]PQT\,24.03.1949
SCK]Z,G]_K\,16.08.1978
D\_Ab,FH]QZ,01.02.1965
N\Kac,]BYWD,26.12.1963
ELa`^,EZ_L[,22.08.1944
XZKAQ,R[K^L,04.02.1918
YZbWS,M]VAB,28.06.1966
EIUEZ,cUQMA,03.11.1915
PBBaN,GG_XF,18.07.2019
bDBRO,RaIB],01.06.2011
bZZXJ,U[[IR,07.04.1939
DHSAX,CIQO`,01.03.1971
XW\\N,GWBbW,16.06.1939
[_WaO,ZXMG\,09.09.2018
TCX``,`^UIQ,20.05.1964
MPI^F,[LOaQ,07.08.1969
TOWQ\,IIORS,08.02.1972
cPOLK,BIKS],21.07.1921
ILZYW,WVVbT,01.07.2015
DRWCQ,\JVFb,09.07.1926
EQJHa,]JFFP,11.11.1965
LPMPJ,BU`KB,03.03.1914
H_aPN,IG\E],21.01.1999
aDbE^,GJSHT,03.11.1947
YT\TA,bPKSb,06.04.1939
TaPGN,QTcT^,09.06.2013
a\UP`,OWGIG,19.03.1993
CbbHS,Q\SNX,06.02.1991
CVLb],^KIUL,01.07.2021
FZ_DS,^UPM[,25.02.1926
bLSCA,cOB`T,18.08.1972
aGQFC,FcSD^,24.04.2007
ZVZEA,XES]D,18.03.1904
QVXGW,R]R`U,24.08.1901
ZTUCC,SWHHF,18.05.1993
aO_AR,MYRbQ,21.04.1910
P[ZKH,OH]MS,02.07.1960
HAY[T,LAZW],25.09.1985
b\bUP,QJISS,01.12.1949
_KVab,APcaI,01.02.1916
]EU[Y,BZUQO,23.05.2008
_METS,aOCCC,11.04.1905
\^\BD,aJ_bL,27.04.1902
CB`OT,XMECO,10.09.1935
TA\Q_,MZZQZ,02.08.1983
Z[SDT,T^DBC,01.04.1902
QOBaE,DT\U`,06.02.1969
LQEO],KL]PJ,04.03.1908
NWVOX,\NcSK,08.08.2016
ZVQ^R,b]QQN,27.12.2011
KAcOK,cGWUU,04.02.1964
_cSWC,LMWN_,16.10.1945
aPUST,XRHJN,13.09.1932
V]YY^,RW^KQ,14.04.1982
K_bLL,YAc\J,16.11.1982
^aOVM,KF`U^,05.02.1945
QTQWV,THATF,24.06.1905
cQTET,QDEW`,28.04.2016
\L\`X,LQFUU,17.12.1970
ZQa_R,ZELbH,17.02.1949
THPQS,aX_FL,23.02.1993
DC[FA,`V_aB,21.02.1901
ZIAB[,a]_U^,18.01.1909
AWRUJ,_YS]U,28.01.1908
MGZBY,CFSaB,28.05.1953
cMW`A,PDU^U,18.09.1906
`VSL`,K^FZG,21.02.1925
Q`UXO,WRa\G,22.02.2000
CEGTX,C\EEM,15.11.1985
M\MUb,F[MEM,28.11.1959
aRaD[,KKGLR,14.07.1910
\HEKI,D\WUb,11.10.1981
KDBAV,YGbCY,06.11.1979
LQ]WI,ObCCb,24.12.1969
H[ZUH,YKK]U,16.04.1936
A``[X,A\ORJ,25.05.1917
YWRUV,SORYc,21.05.1980
SHUXZ,A[cGR,03.09.2021
OcbCX,GGKKS,25.01.1902
KbNAV,MHBaW,20.11.1953
RPF^P,VGPXc,20.11.1988
Ba[[U,]XMbY,04.11.1916
I`XDb,QKXNX,24.07.1990
UKO`A,Y^BSa,22.09.1979
Gab[S,FUQSQ,15.09.1931
^IMHc,PVZ[G,11.07.2002
L_U_A,LB^Qa,16.01.1948
JRAF\,MDQ]J,25.06.1937
ZKR]G,KcIWQ,19.04.1944
`LJOO,JJJ^O,10.01.1909
RZLIa,\BFBW,05.11.1942
_KSMQ,OKTcF,09.09.1934
PYA`X,JRCP\,19.06.1969
HREH^,M`CZQ,13.03.1948
D[JHT,ECAN^,02.06.1957
GOQI^,U^C[^,20.04.1949
L]BXW,LRXCJ,27.12.1961
BQOFN,^P`LX,27.11.1914
ZDaIM,bML`F,20.10.1964
DZAMT,RIY_T,17.12.1927
L^_IO,SOZKJ,07.06.2009
X^W\E,JHcWM,03.01.1982
MJ_PA,`F^VP,21.06.1930
bTaTM,W_]EG,14.11.2008
MbVQc,VBb[M,25.04.1929
ZIXMU,QbKZI,01.11.1926
_HYEG,G`BJX,03.05.1966
UaB]c,WUS_H,07.04.2002
JLcO\,ba[BU,28.03.1930
XNB\[,UZ]EZ,23.09.1957
\K_YA,GaEHP,05.04.2011
R\KV\,PbCGR,13.04.1980
XG_bT,^CJKQ,03.11.1931
\NEPG,AGQJV,24.06.1979
MNCTF,GMUEB,25.06.1961
WGX[A,D[ZXa,16.01.2016
TIQIG,SYYMJ,24.06.1930
aPZN[,bUWDL,24.06.1948
_OQ[G,PX_E`,06.05.1989
NWWO[,cG`X\,27.11.2010
W\U_],YQZGC,12.12.1919
]W[a_,UOQQa,25.06.1988
]HI^b,GHC`W,04.09.1993
MWICK,FFNQA,23.05.1965
]F]Ub,U_LGU,16.03.1927
J]IWO,LVR_P,14.03.1951
QKACQ,G`EIC,02.12.1972
YcEXP,VNU`E,03.12.1954
^\HVI,OKBYL,06.05.1947
cUHX^,NbWJV,27.10.1975
cacHA,]LYYA,26.11.1946
RZEIS,LBTbJ,22.04.1924
GI^N`,D^]PU,19.10.1931
^^aPZ,KBLQ`,03.03.2013
[HOWF,^JYGG,21.03.1902
XUCQK,QRQLO,02.06.1988
MZbBJ,NRUDR,14.11.1962
H[FNR,_[YCa,11.05.1960
RNM[R,YP\O^,27.04.2008
JRLOE,KLIbV,24.04.1922
HUID\,YCVOZ,13.08.2004
GAN]],SOBEU,10.05.2018
AIV`_,CZ]\O,25.01.2017
E[`GW,NaC[^,12.09.1941
WOJKO,SM_JD,16.07.1908
YcSII,VCB[Z,02.04.1947
cMbJ],NRAU],11.07.1959
HCAQ_,]MGKL,12.01.1960
AIDOO,NT^^F,24.06.2006
A\^B^,FPbKJ,03.09.1930
SZXAL,UC\D[,14.10.1961
K\_T\,EX`O[,07.03.1955
Q^FbU,cA`b],14.01.1986
IWQP\,BcDH\,14.11.1963
^TI[B,VC[H[,02.07.2001
\N`FS,YWBQU,20.01.1964
TBBVJ,aRTYN,22.01.2007
AJZAZ,DLS]O,25.07.2004
cJY\R,KP`Q\,24.06.2021
XXHMZ,GK]VR,12.10.1999
]J_BY,N^^_O,22.10.1979
PAUYB,VDKRO,12.12.1950
BB]ZT,YBLHI,10.01.1900
Z]EXW,UcG\b,04.04.1934
YQ_VG,a\AOa,02.12.1915
GSBIZ,]HGLc,28.08.1975
`MZPS,VMMLS,11.11.1923
RMJMK,JLIQI,25.10.1997
DLFWc,HM\\V,04.04.1965
cAIac,ZMEMV,24.04.1997
VHKaa,c_AHb,25.11.2008
aEPWb,IOCFB,21.06.1988
AJEVZ,U`[`V,09.09.1951
PMP]K,GbPN],20.07.2006
TPRc`,aD_NE,26.08.1928
\MI\a,LBcLB,24.05.1976
FaOU[,AMIDJ,22.10.1907
cSKHb,_H\ac,25.05.2014
aSKT\,QFITR,21.10.1976
NccEU,\HWKF,17.08.2014
cATIM,^FNCb,12.05.1928
URa\S,[LD]`,23.03.1934
I[aHI,DIONb,11.10.1981
KGF[_,YAX]X,18.05.2015
SbLBT,JZ[NL,17.03.1988
bZTOO,[ST_P,09.05.2002
\X^[K,EO^S^,06.02.2003
QUFVZ,BGEQ[,19.04.1945
BSP\J,BbINL,20.05.1982
JWDKM,FHcIE,28.02.1918
CI^FI,cUR[A,09.03.1908
PUVJZ,\LEVN,11.08.1996
L\[_G,DcGGU,21.07.1913
RaN^R,W]GE],06.06.2020
H\WI\,`]IKY,18.12.1982
KDP^A,GOLG],16.06.1906
LIAWA,BLCEP,07.07.1989
[RRcI,W^L[J,15.04.2014
IaJNY,[[XJJ,21.10.2017
XcKXN,C\c^H,15.10.2014
T]AUK,LRHb^,06.01.1938
JAFUU,DFM]P,10.04.1938
JAUOK,FIaCJ,27.09.1954
\JOJH,A`\ID,04.03.1973
aXXVI,QHTB^,06.05.2021
cPS`b,X]EBb,04.04.1987
KTNVU,EIAV^,19.07.1926
IU_b`,^CaLD,06.07.1992
J_DAA,ROAIJ,01.05.1911
]cTNE,C[KNJ,13.04.1996
YZ\XM,VJ_CG,16.11.1939
VaDMP,MJ\AS,20.09.1993
O^LWb,KFL]^,15.08.1999
PEHMS,A`ZQc,08.12.1975
ONFQ_,O__JN,08.11.1984
^ZEHF,DV[ZM,05.08.1950
WAUWO,ZW^EJ,13.01.2011
VQXOR,cAAKO,13.03.1971
A\NFN,BNBaK,28.03.2004
PEXAI,VcPK\,11.02.1987
[TbBZ,PL]L[,10.07.1958
O[JT_,]ZZ`R,23.12.1979
[aIIS,I]JLJ,21.03.1998
bNHYb,YUEAb,02.07.1901
SNBIb,\G`^K,19.05.1938
YJILQ,FJFKZ,11.07.1912
R\GNA,MYOKQ,13.08.1982
X_JXS,ECTKW,15.07.1952
WRbEG,MK_RJ,23.01.1905
R_NG[,LZDQT,14.01.1959
^\RUc,]NG^U,28.06.1980
MZ[ZI,\OIDM,19.03.1911
E[XMM,_VGXD,06.11.1960
JXb]K,BY[MW,27.07.1992
WCQ[S,HUQLG,24.04.1974
HX`^G,[UE\[,11.09.1949
UVUVW,GcOWL,04.04.1971
MbUHF,GDCCC,02.09.1948
QQc^Y,TCJTC,08.01.2019
WT_UP,EPIbJ,02.12.1979
CJFRJ,aWYca,24.11.1935
`ENU_,OZRbO,07.03.1900
YHQXL,MZEcS,28.12.1990
PLSNL,\XcGD,17.09.1925
`V`JZ,AG_J_,20.03.1931
]EN^F,^W]ED,20.04.1984
LPWAM,GTOZT,25.05.1984
AS\TV,^AI_O,19.05.2008
aDTUA,YBNYS,03.01.2016
`VH[P,Z[]QA,19.09.1962
EINPR,HVCCN,22.04.1986
MHRTB,WWJ\D,17.06.1968
QG^XT,_HcWK,23.02.1960
BZV]P,EDX^c,23.08.1983
B`ICb,M`LG`,27.05.1977
[BBNB,^cDNV,07.03.1920
JYAbT,]GWPI,20.03.1982
IR`YQ,OO]YR,19.03.1953
K\DAI,AKbQR,04.08.1982
DVcYD,IMW]F,15.06.1953
TBMQA,RQJYL,18.03.1993
\LGUZ,b]JQH,15.09.1991
G]CIJ,TWbK_,20.03.1916
IZVKB,aGTVW,04.02.1914
A[QJJ,aLBR`,27.07.1927
IC]SF,TXDZS,10.08.1960
]]FcC,CTcQN,15.12.1952
QVcZa,\_D^Y,15.08.1906
CLNEZ,O\`HQ,17.04.1948
A^XLL,c\AZJ,17.09.1934
RA]IS,`]P`M,26.03.1927
cRSQA,WGFWJ,18.04.2020
M`JN^,QSXVc,27.06.1977
bPIGN,aYGSH,22.04.1981
VWJN_,DDW[U,21.08.2011
NcGYI,EGDQM,13.07.1980
TEBEc,ZVcbG,01.10.1962
J[Q_U,cOT^_,25.02.1980
N`POE,LHXVL,01.10.1929
SPE]],XH^HB,26.07.2009
CGXID,ID_KC,16.03.1954
ZJYS[,YGH\F,17.12.1992
W^\cD,\EQXT,11.07.1911
XYaDO,MDCYa,22.02.2015
aJKbW,WYLTb,16.08.1900
W^FVH,[[CTR,17.01.1973
TWE_T,FNULE,13.05.1914
[IPI],\SbHQ,24.03.1906
aPMWP,JPa]c,26.01.2005
ZM\T_,YRDSA,06.03.1934
OSNMG,TLXWT,07.05.1905
ScUPN,NDN_B,25.09.2019
BD[W],aDP_D,14.01.2014
MQaWO,URASQ,21.02.1958
PYHX[,_LUAC,14.11.1936
\ACVA,a_CLJ,23.10.2006
RcIBU,Y^GCc,24.03.1964
CGCY\,Z_BRR,28.11.1948
D_]BW,YcZBc,26.01.1923
FWG`c,ZTYPK,09.06.1955
NRR`b,^VUMD,04.07.1972
AY`^F,MHNOP,08.06.1961
PEGTL,EXTFM,01.09.2020
KURBP,BSPGJ,06.04.1930
HQH`X,NFFKK,21.01.2011
FMVXE,bODZA,12.06.1943
aAULP,CHAFZ,10.12.1930
RB_TG,LJS^W,27.02.1901
R_NIQ,aYWZ^,03.03.2002
TN`^S,UKAO^,22.09.1958
[XUPZ,^DCXJ,01.04.2001
ASILa,XZLVS,08.08.1934
\DPIX,PPCG[,17.09.2000
_XDEI,[VUI`,21.03.1949
XXUW^,BQTQ],21.10.1988
XPF_F,YHI`T,01.03.1924
]H[OG,K]FcR,07.04.1917
[U`MQ,_LCA`,21.10.1925
AJWET,ZAU[K,05.01.1990
F]XCa,FUBI_,19.09.1986
QWF`_,STLc^,26.06.2021
UYOTK,DG^AK,23.02.1949
P`bMD,NWAJ_,20.09.1907
WZYBJ,HSWDM,23.01.1977
Y`_CY,QPHQ^,01.04.1971
KPRX`,_JSOa,27.02.1967
NNGPG,^_cLW,12.07.1961
WMKU_,BDYF`,22.06.1977
[SKEI,UcQJV,09.10.1957
[WVKY,RbYDB,23.07.1922
`ES]J,_TcaN,26.01.1911
IWHRJ,JLSJU,05.08.1973
QaGGW,\^KTE,06.01.2015
SDMMO,ZVUJW,15.05.1963
J[TcS,JEW`K,21.07.1964
^N[NE,GRFZc,26.06.1971
ZAEZV,X^`]H,16.09.1938
BSa\B,aIJYN,14.07.2014
CXJSL,cLbLP,20.06.1952
SR[]T,W_GKY,15.01.1944
FPGOK,CPMIX,08.02.1918
GXSN`,^RYYS,17.12.1932
BORAY,H_OTU,15.03.1985
OSNb],RcTHU,06.04.2007
SGXbZ,]UU]^,25.06.1985
DHWAM,ITJAA,10.07.2005
WTKE^,Z]IWa,07.01.1963
XXL^P,HcCQV,19.03.1975
[]HFR,PLcXC,04.07.1959
`VGFa,KaIBZ,21.03.1941
DQBYH,LPGbc,10.12.1998
KGDPB,PBKa^,11.11.1960
KVLFH,X`XGZ,10.07.1907
ZUTD^,]ZJZG,06.12.1987
M^DIR,MUTLY,06.07.2021
S_^MX,FSGUT,13.05.1976
[XY`R,_K`[b,19.03.2000
HC`MA,SOaTP,15.02.1953
ZcMMA,REYUB,13.05.2015
X[ZHF,bO^\J,07.08.1990
aHC^P,OLaOU,08.07.2008
Z_ALV,TLXI_,10.04.2005
IRZK`,SB[\B,22.04.2001
TVOJZ,M\GKW,08.01.1951
bKEDD,WD`CC,28.12.1921
HcTA\,VKMC\,12.10.1961
LBMJO,L]ZRX,03.02.1928
^RXCC,\L`WV,02.05.1902
aaLN\,CBZYG,18.03.1976
[T_Ha,JB]Cb,03.08.1992
I`WSP,V\WcX,20.01.1993
aB^^V,AOOSE,05.08.2002
J\JTN,PS[]A,16.11.2013
BSMJ[,YZXP_,22.01.1988
ATQXU,WFVNC,23.12.1966
b\JGL,``OAc,08.12.1939
GF^BA,`KLB\,22.08.1990
Xc_]D,CaZUH,06.02.1924
CEaI`,B^RU`,17.11.1941
_VI_A,UGK`E,12.04.1989
c_JaU,ZLSGA,26.09.1975
FWHIK,bDCRY,12.12.1963
I`YcX,cDDLa,24.07.1935
J^REN,WMAcP,04.02.2005
^HJRE,FN]DR,01.01.1994
Ha\S[,I_IOC,06.11.1946
GLVDC,bXMSG,03.02.1986
NUUGa,XS^NM,12.06.2019
Ub`Yc,VIY]X,16.07.1985
_BK_],ZFZ^A,12.06.1986
`YY__,WV^YL,24.11.1950
EKOZ_,`ZFWB,17.01.1962
_T_]_,U^c[P,05.12.1929
__Q]E,DVEcJ,06.10.1950
YTYWM,WJKb[,27.06.1907
TaF`_,B\YM\,25.07.1994
UN^Nb,\BN^I,23.04.1976
GKXaR,PWEZQ,21.05.1920
PVNQU,H^Q^N,06.08.1974
PSJYc,DELFO,19.10.1903
LVUJK,aVESH,01.09.1982
HEKXY,GO]KO,25.11.1915
bSVOW,OD_M_,25.05.1988
OHJZJ,SG`aX,03.01.1956
EPOHG,TMOQM,02.02.2006
MVEMM,AKcY\,14.10.1923
RYYPY,NRb\b,26.06.1911
MYbHY,OACGG,02.09.1901
\QSLA,QaaRZ,03.05.1917
FSKLI,SYK^L,11.04.1920
ZcVVC,BGXXE,09.04.1945
PMEAQ,^Z]DN,17.09.2006
QBcDF,NZOLU,26.03.1913
F`JKM,G\U\[,25.05.1950
RWYJ[,W_YA^,27.09.1932
ccSQU,[L_UU,14.04.1925
HCI^F,TM]VC,06.11.1921
KISHN,M]EAA,07.05.2021
D]XbE,XQVJU,10.07.2013
_MRXJ,\MYF\,17.02.1923
K\X`X,HRScY,06.02.1929
WOIP`,]_DaK,25.12.2004
cY`YB,QDLNX,23.04.1980
DaMVE,RFCPZ,25.07.1913
UBCNQ,XFbR^,23.04.1909
WHUY\,M^R[\,10.09.1907
VBCC_,`J_TA,06.08.1907
PXPM`,b[WKK,24.05.1942
LR^NN,CY[_Z,03.07.1942
cFaQ`,aZGEQ,05.06.1975
WOMX[,SY[LN,18.09.1986
CXANM,JSL_H,27.09.1941
DMLRL,OTVGM,16.11.1937
NDbCJ,Mc^HV,02.12.1975
_EKDF,]BDEM,16.02.1905
YcPYb,Ec`Zc,26.02.2003
UFOM[,GDaV],22.12.1951
H`JX[,_CL[J,28.01.1902
FM^\L,VaBKa,10.09.1919
\^_ZF,HNa]X,11.03.1970
]UMNU,GFAAO,01.12.1952
AKGcK,L[GN\,11.09.1972
VH\^X,]ZDVV,28.08.1990
RR`G],KM\FX,18.07.2009
cDF`D,TaQZF,01.10.1911
PBVFP,GaFGL,23.05.2019
U\IDG,RNPOB,17.04.2021
bMSA^,HGUM^,03.11.1971
AOBa\,FGVHZ,06.06.1900
PBBQD,UQJ_E,20.01.1941
cX\DG,DFNAU,05.11.1980
S`C]I,B^\]M,15.09.1909
UGAEX,J]V[P,25.12.1932
T^BW\,XVXTW,11.03.1901
KY[BL,TCUMW,13.09.1980
[H_CC,X^Q`U,03.03.1976
EJ`R_,UFbLP,28.09.1923
FUSLK,VaCPY,26.01.2013
CBM^O,Z^]Pa,15.03.2019
DVbJC,[UcD\,06.08.1964
AS`]D,ZIOIO,17.03.1915
QJPFY,XbOII,06.05.1903
TT_G`,`ZNQV,15.03.1968
ILEEZ,Q^HUJ,22.12.1922
^bGKX,TFO\Z,21.02.1976
aSRKb,S]MXN,12.11.1936
ASVUb,cLLT[,15.04.1993
BP`SL,XATJ`,26.03.1958
IIVR\,SPQT`,20.02.1948
DbcZB,MJ^bT,24.08.1987
TLM^Y,XLPPH,25.10.1971
EMDV_,SIFU_,10.03.1920
IQUVQ,^Cc]M,25.04.2019
GJX_S,XAXHE,04.09.1963
[RVIQ,\HPMM,12.12.1941
UVaZR,\RHE`,26.12.2007
_I^ZS,MZbc_,12.08.1986
RF[MM,WZEBM,19.01.1922
TK_BV,A[AVb,11.12.1922
GVF_B,PFAIL,08.05.1955
GMZUJ,]bOEG,23.05.2001
HcaG\,MOB]Z,05.08.2013
\]NNc,HUULN,03.02.2002
a[ZQ],CV`TY,16.12.1977
BX_MF,]^BIO,08.02.2008
EY[aM,]BTZN,17.09.1976
\[]_Q,L^UYQ,25.08.1932
KObCS,\LDaF,17.11.2007
M]_YE,DSTc^,09.02.1906
_WPQM,GbcPL,22.11.1939
ca\EU,OSVUP,11.02.1964
]OVHU,NCHWL,02.03.1984
\EIKV,_BWUH,08.06.1923
DG^ZQ,]RFUH,18.09.1983
PXETT,ZZ_GE,12.07.1929
cRT]E,[R_cY,04.08.1987
_KCEC,OaOL],26.01.1956
YDSBL,^IHVV,24.10.2013
aB]]H,OO^JJ,08.01.1906
[JZ^D,PONJF,27.12.1969
NJaY`,LO_DA,23.01.1900
XAa`b,QHJNF,07.03.1944
HI]a\,V_UIY,19.08.1971
]b_LB,PRLBG,07.06.1999
\QOAE,\[NL[,20.12.2012
\\BSM,EaWDC,15.06.1930
CY`^V,YFWNZ,08.05.1925
BOHaS,SXGGR,23.11.1994
]OHaU,EMDQa,18.11.1919
S]Z_b,QY`CQ,11.06.1924
PY\Q],IYcB`,01.04.1901
PRWAb,cZaWN,10.11.1909
KMCST,PKQ]a,27.12.1920
QTbT],GBUbO,24.08.1930
X[HHV,VGFKS,12.06.2020
`bURU,\VNAM,17.09.1963
AIGPL,KBMU^,05.10.1968
MIVLM,O[W]c,06.08.2007
C[bAI,APJDF,24.10.1982
WANSC,QCbcB,14.11.1932
MASZR,IQ\WD,04.07.2012
Y[^GF,CORGN,10.06.1918
UABaP,JX]UM,24.02.1952
FWCML,GMcVN,27.01.1934
T\aPF,WcJaR,13.08.1911
AQ^XF,AXWJU,11.12.1914
PJcDU,Z^FMU,28.02.1910
`L^OF,DWZ]V,09.09.2000
V[JRC,J[PZQ,20.11.1970
UUc^a,C]MTM,14.06.1985
VQ]OE,b]\cI,02.09.1975
_H_TT,ZSWJY,03.07.1963
LbIOZ,OcSAH,11.08.1983
QLYZR,XPaKM,19.10.1987
^ULJJ,]aVGH,05.09.1947
`\HO],aKF[c,18.01.2002
]DPaF,OcZZD,18.09.1913
\QHMa,CZEXJ,17.05.1991
THMWa,BIO]B,25.09.2015
WS_UH,NXRXY,13.07.1954
QRXEc,JEDID,16.05.2009
N[QJQ,CEF^S,19.07.2018
QLDQK,P]FWA,18.07.1949
VVJLM,aICQ^,01.07.1919
SYL`\,cTLCC,03.11.1907
aH[`Q,]`GaR,01.01.1955
_Y`EV,YVME],27.11.2017
E[OLJ,^IR]c,20.12.1913
LLD^C,aFH\U,19.04.1997
